title,url,is_paid,course_by,skills,cluster_predicted
160,237,0,49,279,1
160,237,0,49,109,2
160,237,0,49,171,1
160,237,0,49,216,1
160,237,0,49,95,2
160,237,0,49,15,2
160,237,0,49,60,2
160,237,0,49,172,1
160,237,0,49,189,1
160,237,0,49,17,2
160,237,0,49,68,2
160,237,0,49,74,2
160,237,0,49,89,2
160,237,0,49,96,2
160,237,0,49,134,2
160,237,0,49,142,2
160,237,0,49,170,1
160,237,0,49,213,1
160,237,0,49,217,1
210,76,0,107,325,4
210,76,0,107,241,0
210,76,0,107,5,0
210,76,0,107,145,0
195,182,0,11,276,1
195,182,0,11,201,1
195,182,0,11,52,2
195,182,0,11,49,2
195,182,0,11,155,1
90,95,0,106,275,4
90,95,0,106,229,4
90,95,0,106,201,4
90,95,0,106,5,5
90,95,0,106,144,5
90,95,0,106,145,5
55,52,0,49,278,4
55,52,0,49,131,5
55,52,0,49,39,5
55,52,0,49,192,4
55,52,0,49,68,5
55,52,0,49,77,5
55,52,0,49,79,5
55,52,0,49,98,5
55,52,0,49,231,4
55,52,0,49,133,5
55,52,0,49,213,4
55,52,0,49,224,4
55,52,0,49,78,5
274,38,0,81,267,0
274,38,0,81,117,0
274,38,0,81,238,0
274,38,0,81,101,0
274,38,0,81,124,0
274,38,0,81,23,0
274,38,0,81,140,0
274,38,0,81,1,0
274,38,0,81,4,0
274,38,0,81,20,0
274,38,0,81,27,0
274,38,0,81,33,0
274,38,0,81,41,0
274,38,0,81,46,0
274,38,0,81,49,0
274,38,0,81,57,0
274,38,0,81,64,0
274,38,0,81,68,0
274,38,0,81,70,0
274,38,0,81,80,0
274,38,0,81,85,0
274,38,0,81,93,0
274,38,0,81,100,0
274,38,0,81,103,0
274,38,0,81,116,0
274,38,0,81,120,0
274,38,0,81,131,0
274,38,0,81,134,0
274,38,0,81,159,0
274,38,0,81,163,0
274,38,0,81,190,0
274,38,0,81,201,0
274,38,0,81,206,0
274,38,0,81,207,0
274,38,0,81,208,0
274,38,0,81,225,0
274,38,0,81,234,0
274,38,0,81,19,0
274,38,0,81,88,0
274,38,0,81,108,0
274,38,0,81,196,0
215,211,0,62,261,1
215,211,0,62,52,2
215,211,0,62,157,1
215,211,0,62,159,1
215,211,0,62,201,1
215,211,0,62,225,1
215,211,0,62,42,2
215,211,0,62,183,1
215,211,0,62,227,1
215,211,0,62,229,1
284,264,0,34,306,3
284,264,0,34,145,2
284,264,0,34,27,2
284,264,0,34,62,2
284,264,0,34,192,1
284,264,0,34,220,1
9,7,0,17,269,4
9,7,0,17,186,4
9,7,0,17,48,5
9,7,0,17,47,5
9,7,0,17,27,5
9,7,0,17,62,5
9,7,0,17,93,5
9,7,0,17,131,5
9,7,0,17,173,4
9,7,0,17,183,4
9,7,0,17,192,4
9,7,0,17,215,4
9,7,0,17,220,4
9,7,0,17,229,4
12,13,0,95,269,4
12,13,0,95,186,4
12,13,0,95,215,4
12,13,0,95,183,4
136,140,0,86,260,4
136,140,0,86,41,5
136,140,0,86,40,5
136,140,0,86,42,5
136,140,0,86,43,5
136,140,0,86,205,4
136,140,0,86,206,4
136,140,0,86,229,4
136,140,0,86,46,5
136,140,0,86,53,5
136,140,0,86,54,5
135,17,0,72,264,4
135,17,0,72,53,5
135,17,0,72,6,5
135,17,0,72,82,5
135,17,0,72,117,5
135,17,0,72,176,4
135,17,0,72,229,4
135,17,0,72,234,4
135,17,0,72,93,5
135,17,0,72,129,5
135,17,0,72,131,5
135,17,0,72,164,4
135,17,0,72,173,4
135,17,0,72,183,4
135,17,0,72,192,4
135,17,0,72,206,4
126,128,0,90,279,4
126,128,0,90,134,5
126,128,0,90,12,5
126,128,0,90,186,4
126,128,0,90,215,4
126,128,0,90,146,5
126,128,0,90,191,4
126,128,0,90,33,5
126,128,0,90,46,5
126,128,0,90,52,5
126,128,0,90,53,5
126,128,0,90,68,5
126,128,0,90,69,5
126,128,0,90,81,5
126,128,0,90,93,5
126,128,0,90,109,5
126,128,0,90,132,5
126,128,0,90,135,5
126,128,0,90,145,5
126,128,0,90,156,4
126,128,0,90,171,4
126,128,0,90,172,4
204,200,0,11,269,1
204,200,0,11,186,1
204,200,0,11,215,1
204,200,0,11,183,1
204,200,0,11,229,1
204,200,0,11,6,2
204,200,0,11,47,2
204,200,0,11,54,2
204,200,0,11,145,2
204,200,0,11,144,2
275,79,0,49,248,0
275,79,0,49,229,0
275,79,0,49,53,0
275,79,0,49,109,0
275,79,0,49,171,0
275,79,0,49,186,0
275,79,0,49,215,0
275,79,0,49,74,0
275,79,0,49,68,0
275,79,0,49,134,0
275,79,0,49,170,0
275,79,0,49,27,0
275,79,0,49,135,0
275,79,0,49,213,0
213,107,0,48,259,1
213,107,0,48,64,0
213,107,0,48,131,0
213,107,0,48,46,0
230,224,0,105,290,1
230,224,0,105,127,2
230,224,0,105,1,2
230,224,0,105,92,2
230,224,0,105,93,2
230,224,0,105,108,2
230,224,0,105,194,1
230,224,0,105,14,2
230,224,0,105,102,2
230,224,0,105,165,1
230,224,0,105,190,1
230,224,0,105,220,1
230,224,0,105,233,1
230,224,0,105,25,2
230,224,0,105,27,2
230,224,0,105,68,2
230,224,0,105,103,2
230,224,0,105,104,2
230,224,0,105,131,2
129,132,0,62,289,4
129,132,0,62,134,5
46,44,0,16,258,4
46,44,0,16,68,5
46,44,0,16,69,5
46,44,0,16,148,5
46,44,0,16,212,4
174,219,0,53,281,1
174,219,0,53,220,1
269,185,0,98,258,1
269,185,0,98,29,2
269,185,0,98,30,2
269,185,0,98,35,2
269,185,0,98,93,2
269,185,0,98,192,1
269,185,0,98,196,1
269,185,0,98,122,2
269,185,0,98,32,2
269,185,0,98,33,2
269,185,0,98,82,2
269,185,0,98,131,2
269,185,0,98,139,2
269,185,0,98,163,1
269,185,0,98,166,1
269,185,0,98,168,1
269,185,0,98,176,1
269,185,0,98,220,1
269,185,0,98,140,2
269,185,0,98,169,1
269,185,0,98,173,1
269,185,0,98,219,1
148,64,0,95,290,4
128,131,0,17,286,4
128,131,0,17,131,5
128,131,0,17,140,5
128,131,0,17,159,4
128,131,0,17,196,4
128,131,0,17,201,4
128,131,0,17,208,4
128,131,0,17,219,4
128,131,0,17,220,4
128,131,0,17,225,4
128,131,0,17,52,5
128,131,0,17,101,5
128,131,0,17,190,4
128,131,0,17,203,4
229,204,0,40,307,1
246,234,0,46,258,1
246,234,0,46,62,2
246,234,0,46,192,1
246,234,0,46,220,1
246,234,0,46,171,1
246,234,0,46,109,2
246,234,0,46,68,2
246,234,0,46,96,2
246,234,0,46,213,1
246,234,0,46,216,1
41,160,0,41,259,4
41,160,0,41,64,5
41,160,0,41,131,5
41,160,0,41,53,5
41,160,0,41,54,5
41,160,0,41,164,4
4,5,0,73,256,4
4,5,0,73,171,4
4,5,0,73,68,5
4,5,0,73,79,5
161,246,0,65,295,1
265,193,0,99,309,1
265,193,0,99,208,1
265,193,0,99,225,1
265,193,0,99,6,2
265,193,0,99,109,2
265,193,0,99,171,1
187,40,0,89,287,4
187,40,0,89,171,0
187,40,0,89,109,0
187,40,0,89,89,0
187,40,0,89,105,0
224,221,0,11,286,1
224,221,0,11,131,2
224,221,0,11,140,2
224,221,0,11,220,1
224,221,0,11,33,2
224,221,0,11,192,1
224,221,0,11,196,1
224,221,0,11,219,1
224,221,0,11,28,2
224,221,0,11,46,2
224,221,0,11,64,2
224,221,0,11,101,2
224,221,0,11,120,2
224,221,0,11,127,2
224,221,0,11,166,1
224,221,0,11,173,1
224,221,0,11,184,1
224,221,0,11,185,1
150,96,0,36,245,4
150,96,0,36,5,5
150,96,0,36,46,5
150,96,0,36,89,5
150,96,0,36,105,5
150,96,0,36,109,5
150,96,0,36,140,5
150,96,0,36,145,5
150,96,0,36,171,4
150,96,0,36,189,4
288,268,0,35,286,3
288,268,0,35,131,2
288,268,0,35,140,2
288,268,0,35,220,1
288,268,0,35,196,1
288,268,0,35,219,1
288,268,0,35,120,2
288,268,0,35,46,2
288,268,0,35,44,2
288,268,0,35,130,2
288,268,0,35,33,2
288,268,0,35,38,2
288,268,0,35,64,2
288,268,0,35,122,2
288,268,0,35,192,1
93,62,0,89,315,4
93,62,0,89,93,5
93,62,0,89,27,5
93,62,0,89,65,5
93,62,0,89,139,5
93,62,0,89,29,5
93,62,0,89,33,5
93,62,0,89,64,5
93,62,0,89,131,5
93,62,0,89,140,5
93,62,0,89,35,5
93,62,0,89,119,5
93,62,0,89,138,5
93,62,0,89,24,5
93,62,0,89,85,5
93,62,0,89,66,5
93,62,0,89,101,5
93,62,0,89,117,5
93,62,0,89,163,4
93,62,0,89,196,4
93,62,0,89,219,4
93,62,0,89,220,4
93,62,0,89,234,4
87,91,0,80,248,4
87,91,0,80,33,5
87,91,0,80,48,5
87,91,0,80,53,5
87,91,0,80,64,5
87,91,0,80,109,5
87,91,0,80,131,5
87,91,0,80,134,5
87,91,0,80,171,4
87,91,0,80,229,4
89,130,0,103,300,4
89,130,0,103,184,4
89,130,0,103,220,4
89,130,0,103,169,4
89,130,0,103,93,5
89,130,0,103,223,4
243,230,0,92,263,1
243,230,0,92,67,2
243,230,0,92,201,1
67,66,0,62,280,4
67,66,0,62,105,5
67,66,0,62,145,5
67,66,0,62,171,4
67,66,0,62,192,4
67,66,0,62,220,4
67,66,0,62,68,5
67,66,0,62,162,4
67,66,0,62,5,5
67,66,0,62,27,5
67,66,0,62,70,5
67,66,0,62,72,5
67,66,0,62,1,5
67,66,0,62,4,5
67,66,0,62,46,5
67,66,0,62,62,5
67,66,0,62,140,5
67,66,0,62,174,4
33,30,0,28,316,4
33,30,0,28,93,5
33,30,0,28,131,5
33,30,0,28,140,5
33,30,0,28,173,4
33,30,0,28,192,4
33,30,0,28,196,4
33,30,0,28,219,4
33,30,0,28,220,4
33,30,0,28,101,5
33,30,0,28,201,4
33,30,0,28,203,4
44,41,0,70,249,4
44,41,0,70,41,5
44,41,0,70,134,5
44,41,0,70,9,5
44,41,0,70,81,5
17,15,0,50,307,4
17,15,0,50,10,5
17,15,0,50,50,5
17,15,0,50,51,5
244,232,0,95,256,1
244,232,0,95,53,2
244,232,0,95,171,1
244,232,0,95,186,1
244,232,0,95,215,1
244,232,0,95,6,2
244,232,0,95,229,1
138,141,0,17,287,4
138,141,0,17,171,4
138,141,0,17,109,5
138,141,0,17,131,5
285,265,0,50,286,3
285,265,0,50,139,2
285,265,0,50,192,1
285,265,0,50,228,1
285,265,0,50,62,2
39,33,0,58,263,4
276,183,0,107,258,1
276,183,0,107,62,2
276,183,0,107,192,1
276,183,0,107,220,1
64,61,0,92,287,4
64,61,0,92,171,4
83,82,0,61,271,4
83,82,0,61,117,5
83,82,0,61,134,5
83,82,0,61,234,4
83,82,0,61,33,5
83,82,0,61,192,4
83,82,0,61,235,4
273,260,0,107,300,3
273,260,0,107,33,2
273,260,0,107,93,2
273,260,0,107,119,2
273,260,0,107,120,2
273,260,0,107,166,1
273,260,0,107,182,1
69,81,0,21,265,4
69,81,0,21,52,5
69,81,0,21,155,4
69,81,0,21,46,5
69,81,0,21,1,5
69,81,0,21,50,5
69,81,0,21,51,5
69,81,0,21,116,5
69,81,0,21,67,5
69,81,0,21,132,5
69,81,0,21,145,5
69,81,0,21,201,4
69,81,0,21,129,5
78,83,0,17,290,4
78,83,0,17,100,5
78,83,0,17,1,5
78,83,0,17,14,5
78,83,0,17,23,5
78,83,0,17,127,5
78,83,0,17,131,5
78,83,0,17,7,5
78,83,0,17,20,5
78,83,0,17,41,5
78,83,0,17,52,5
78,83,0,17,53,5
78,83,0,17,54,5
78,83,0,17,70,5
78,83,0,17,93,5
78,83,0,17,139,5
78,83,0,17,157,4
78,83,0,17,165,4
78,83,0,17,184,4
78,83,0,17,190,4
78,83,0,17,192,4
78,83,0,17,200,4
78,83,0,17,201,4
78,83,0,17,220,4
153,136,0,7,258,1
153,136,0,7,33,5
153,136,0,7,46,5
153,136,0,7,93,5
153,136,0,7,131,5
153,136,0,7,140,5
153,136,0,7,153,1
153,136,0,7,196,1
153,136,0,7,219,1
153,136,0,7,220,1
172,157,0,9,313,1
172,157,0,9,220,1
237,227,0,72,300,1
237,227,0,72,120,2
237,227,0,72,93,2
237,227,0,72,130,2
237,227,0,72,161,1
237,227,0,72,220,1
237,227,0,72,168,1
237,227,0,72,33,2
237,227,0,72,140,2
237,227,0,72,163,1
237,227,0,72,196,1
237,227,0,72,219,1
237,227,0,72,173,1
237,227,0,72,192,1
156,171,0,0,314,1
156,171,0,0,215,1
156,171,0,0,53,2
156,171,0,0,145,1
156,171,0,0,68,2
156,171,0,0,74,2
156,171,0,0,132,2
156,171,0,0,11,2
156,171,0,0,144,1
156,171,0,0,164,1
156,171,0,0,170,1
25,25,0,77,307,4
2,156,0,107,258,4
2,156,0,107,174,4
2,156,0,107,68,5
2,156,0,107,71,5
2,156,0,107,134,5
2,156,0,107,135,5
2,156,0,107,6,5
2,156,0,107,32,5
2,156,0,107,33,5
2,156,0,107,46,5
2,156,0,107,70,5
2,156,0,107,73,5
2,156,0,107,93,5
2,156,0,107,131,5
2,156,0,107,163,4
2,156,0,107,220,4
2,156,0,107,229,4
84,85,0,107,287,4
84,85,0,107,101,5
84,85,0,107,131,5
84,85,0,107,171,4
84,85,0,107,194,4
170,155,0,57,284,1
170,155,0,57,93,2
170,155,0,57,179,1
170,155,0,57,220,1
197,187,0,95,263,1
197,187,0,95,90,2
197,187,0,95,131,2
197,187,0,95,33,2
197,187,0,95,93,2
197,187,0,95,61,2
197,187,0,95,119,2
197,187,0,95,120,2
197,187,0,95,166,1
197,187,0,95,192,1
175,161,0,108,272,1
175,161,0,108,220,1
175,161,0,108,46,2
175,161,0,108,243,1
175,161,0,108,28,2
145,16,0,19,286,4
145,16,0,19,131,5
145,16,0,19,173,4
145,16,0,19,192,4
145,16,0,19,145,5
145,16,0,19,27,5
145,16,0,19,36,5
145,16,0,19,62,5
145,16,0,19,220,4
95,250,0,8,268,1
95,250,0,8,157,1
95,250,0,8,49,2
95,250,0,8,155,1
95,250,0,8,201,1
95,250,0,8,67,2
95,250,0,8,158,1
120,121,0,49,286,4
120,121,0,49,82,5
120,121,0,49,177,4
47,46,0,0,300,4
47,46,0,0,93,5
47,46,0,0,139,5
47,46,0,0,169,4
47,46,0,0,192,4
47,46,0,0,223,4
251,243,0,85,257,1
251,243,0,85,93,2
251,243,0,85,101,2
251,243,0,85,6,2
251,243,0,85,100,2
251,243,0,85,122,2
251,243,0,85,134,2
251,243,0,85,135,2
251,243,0,85,192,1
251,243,0,85,229,1
121,122,0,99,318,4
121,122,0,99,209,4
121,122,0,99,48,5
121,122,0,99,53,5
121,122,0,99,109,5
121,122,0,99,128,5
121,122,0,99,171,4
121,122,0,99,201,4
121,122,0,99,203,4
121,122,0,99,207,4
121,122,0,99,6,5
121,122,0,99,8,5
121,122,0,99,21,5
121,122,0,99,22,5
121,122,0,99,27,5
121,122,0,99,33,5
121,122,0,99,47,5
121,122,0,99,50,5
121,122,0,99,51,5
121,122,0,99,52,5
121,122,0,99,68,5
121,122,0,99,81,5
121,122,0,99,82,5
121,122,0,99,83,5
121,122,0,99,93,5
121,122,0,99,99,5
121,122,0,99,101,5
121,122,0,99,117,5
121,122,0,99,118,5
121,122,0,99,131,5
121,122,0,99,134,5
121,122,0,99,135,5
121,122,0,99,144,5
121,122,0,99,145,5
121,122,0,99,157,4
121,122,0,99,172,4
121,122,0,99,176,4
121,122,0,99,178,4
121,122,0,99,190,4
121,122,0,99,192,4
121,122,0,99,194,4
121,122,0,99,205,4
121,122,0,99,208,4
121,122,0,99,213,4
121,122,0,99,229,4
121,122,0,99,234,4
121,122,0,99,235,4
121,122,0,99,236,4
220,215,0,15,258,1
220,215,0,15,174,1
212,210,0,72,312,1
212,210,0,72,74,2
212,210,0,72,109,2
212,210,0,72,217,1
212,210,0,72,68,2
212,210,0,72,15,2
212,210,0,72,60,2
212,210,0,72,216,1
212,210,0,72,172,1
212,210,0,72,189,1
212,210,0,72,213,1
212,210,0,72,27,2
212,210,0,72,33,2
212,210,0,72,93,2
212,210,0,72,96,2
212,210,0,72,131,2
212,210,0,72,149,2
212,210,0,72,161,1
212,210,0,72,163,1
212,210,0,72,169,1
212,210,0,72,170,1
212,210,0,72,215,1
212,210,0,72,220,1
212,210,0,72,223,1
82,239,0,95,268,1
82,239,0,95,145,1
82,239,0,95,154,1
82,239,0,95,156,1
82,239,0,95,112,2
82,239,0,95,1,2
82,239,0,95,94,2
82,239,0,95,107,2
82,239,0,95,120,2
82,239,0,95,171,1
24,24,0,37,286,4
24,24,0,37,109,5
24,24,0,37,131,5
24,24,0,37,169,4
24,24,0,37,171,4
24,24,0,37,223,4
24,24,0,37,27,5
24,24,0,37,46,5
24,24,0,37,174,4
24,24,0,37,243,4
24,24,0,37,68,5
24,24,0,37,213,4
163,256,0,92,254,1
163,256,0,92,33,2
163,256,0,92,131,2
134,138,0,72,263,4
134,138,0,72,51,5
134,138,0,72,61,5
134,138,0,72,93,5
134,138,0,72,117,5
134,138,0,72,124,5
134,138,0,72,131,5
134,138,0,72,140,5
134,138,0,72,192,4
134,138,0,72,196,4
134,138,0,72,218,4
134,138,0,72,219,4
134,138,0,72,220,4
134,138,0,72,243,4
268,269,0,85,300,3
268,269,0,85,93,2
268,269,0,85,196,1
268,269,0,85,0,2
268,269,0,85,1,2
268,269,0,85,13,2
268,269,0,85,122,2
268,269,0,85,140,2
268,269,0,85,169,1
268,269,0,85,192,1
268,269,0,85,219,1
268,269,0,85,220,1
124,127,0,59,304,4
124,127,0,59,24,5
124,127,0,59,46,5
124,127,0,59,93,5
124,127,0,59,139,5
124,127,0,59,192,4
124,127,0,59,4,5
124,127,0,59,33,5
124,127,0,59,64,5
124,127,0,59,131,5
124,127,0,59,141,5
162,248,0,108,286,1
162,248,0,108,131,2
162,248,0,108,173,1
162,248,0,108,192,1
162,248,0,108,145,2
162,248,0,108,27,2
162,248,0,108,62,2
162,248,0,108,220,1
111,113,0,89,259,4
111,113,0,89,64,5
111,113,0,89,131,5
111,113,0,89,27,5
111,113,0,89,62,5
111,113,0,89,192,4
111,113,0,89,220,4
154,45,0,95,258,4
154,45,0,95,62,5
154,45,0,95,192,4
154,45,0,95,220,4
154,45,0,95,33,5
154,45,0,95,93,5
154,45,0,95,119,0
154,45,0,95,120,0
154,45,0,95,131,0
154,45,0,95,166,0
184,170,0,18,313,1
184,170,0,18,220,1
94,22,0,8,259,4
94,22,0,8,93,5
94,22,0,8,119,5
94,22,0,8,46,5
94,22,0,8,90,5
94,22,0,8,131,5
159,207,0,99,305,1
159,207,0,99,99,2
159,207,0,99,112,2
159,207,0,99,134,2
159,207,0,99,145,2
159,207,0,99,93,2
159,207,0,99,139,2
159,207,0,99,192,1
159,207,0,99,20,2
159,207,0,99,70,2
159,207,0,99,74,2
159,207,0,99,197,1
254,247,0,28,292,3
254,247,0,28,171,1
254,247,0,28,105,2
254,247,0,28,215,1
254,247,0,28,53,2
254,247,0,28,187,1
254,247,0,28,68,2
254,247,0,28,6,2
254,247,0,28,60,2
254,247,0,28,74,2
254,247,0,28,134,2
254,247,0,28,145,2
254,247,0,28,170,1
254,247,0,28,183,1
254,247,0,28,213,1
254,247,0,28,214,1
254,247,0,28,216,1
254,247,0,28,229,1
254,247,0,28,15,2
254,247,0,28,17,2
254,247,0,28,69,2
254,247,0,28,71,2
254,247,0,28,95,2
254,247,0,28,96,2
254,247,0,28,97,2
254,247,0,28,172,1
254,247,0,28,189,1
77,77,0,1,263,4
77,77,0,1,94,5
77,77,0,1,145,5
77,77,0,1,171,4
112,108,0,50,300,4
112,108,0,50,120,5
112,108,0,50,220,4
112,108,0,50,130,5
112,108,0,50,93,5
112,108,0,50,167,4
112,108,0,50,25,5
112,108,0,50,101,5
112,108,0,50,104,5
112,108,0,50,168,4
112,108,0,50,182,4
112,108,0,50,188,4
60,56,0,17,286,4
60,56,0,17,131,5
60,56,0,17,140,5
60,56,0,17,173,4
60,56,0,17,192,4
60,56,0,17,196,4
60,56,0,17,219,4
60,56,0,17,220,4
203,198,0,47,300,1
203,198,0,47,1,2
203,198,0,47,33,2
203,198,0,47,93,2
203,198,0,47,163,1
203,198,0,47,220,1
203,198,0,47,3,2
203,198,0,47,18,2
203,198,0,47,74,2
203,198,0,47,89,2
203,198,0,47,161,1
203,198,0,47,171,1
203,198,0,47,173,1
203,198,0,47,192,1
203,198,0,47,197,1
133,54,0,57,300,4
219,214,0,74,286,1
219,214,0,74,120,2
219,214,0,74,196,1
219,214,0,74,131,2
219,214,0,74,220,1
219,214,0,74,25,2
219,214,0,74,101,2
219,214,0,74,188,1
157,149,0,107,259,1
157,149,0,107,44,2
157,149,0,107,46,2
157,149,0,107,93,2
157,149,0,107,119,2
157,149,0,107,120,2
157,149,0,107,131,2
157,149,0,107,166,1
157,149,0,107,243,1
23,21,0,67,270,4
23,21,0,67,145,5
23,21,0,67,10,5
23,21,0,67,53,5
23,21,0,67,110,5
23,21,0,67,132,5
23,21,0,67,186,4
23,21,0,67,6,5
23,21,0,67,93,5
23,21,0,67,112,5
23,21,0,67,139,5
23,21,0,67,162,4
23,21,0,67,183,4
23,21,0,67,192,4
23,21,0,67,206,4
23,21,0,67,209,4
23,21,0,67,215,4
23,21,0,67,220,4
23,21,0,67,229,4
125,238,0,15,277,1
125,238,0,15,74,2
125,238,0,15,86,2
125,238,0,15,134,2
108,103,0,48,300,4
108,103,0,48,93,5
108,103,0,48,220,4
108,103,0,48,33,5
108,103,0,48,68,5
108,103,0,48,163,4
108,103,0,48,184,4
62,58,0,75,312,4
62,58,0,75,62,5
62,58,0,75,60,5
62,58,0,75,68,5
62,58,0,75,216,4
62,58,0,75,15,5
62,58,0,75,27,5
62,58,0,75,109,5
62,58,0,75,172,4
62,58,0,75,189,4
62,58,0,75,213,4
62,58,0,75,80,5
62,58,0,75,93,5
62,58,0,75,96,5
62,58,0,75,120,5
62,58,0,75,130,5
62,58,0,75,131,5
62,58,0,75,139,5
62,58,0,75,192,4
62,58,0,75,206,4
62,58,0,75,209,4
62,58,0,75,220,4
20,11,0,31,247,4
20,11,0,31,145,5
155,169,0,49,258,1
155,169,0,49,68,2
155,169,0,49,148,1
155,169,0,49,212,1
155,169,0,49,69,2
245,231,0,49,288,1
245,231,0,49,171,1
245,231,0,49,27,2
245,231,0,49,62,2
245,231,0,49,192,1
245,231,0,49,220,1
245,231,0,49,134,2
5,10,0,31,286,4
5,10,0,31,122,5
5,10,0,31,131,5
5,10,0,31,192,4
5,10,0,31,196,4
5,10,0,31,220,4
5,10,0,31,46,5
5,10,0,31,140,5
5,10,0,31,219,4
5,10,0,31,44,5
5,10,0,31,61,5
5,10,0,31,33,5
5,10,0,31,38,5
5,10,0,31,120,5
5,10,0,31,163,4
80,106,0,46,286,4
80,106,0,46,131,5
80,106,0,46,159,4
80,106,0,46,169,4
80,106,0,46,223,4
80,106,0,46,227,4
80,106,0,46,229,4
272,259,0,65,287,3
272,259,0,65,171,1
272,259,0,65,192,1
272,259,0,65,70,2
272,259,0,65,1,2
272,259,0,65,5,2
272,259,0,65,22,2
272,259,0,65,30,2
272,259,0,65,36,2
272,259,0,65,39,2
272,259,0,65,46,2
272,259,0,65,53,2
272,259,0,65,68,2
272,259,0,65,73,2
272,259,0,65,91,2
272,259,0,65,120,2
272,259,0,65,145,2
272,259,0,65,196,1
272,259,0,65,229,1
116,111,0,88,258,4
116,111,0,88,68,5
116,111,0,88,69,5
116,111,0,88,148,5
116,111,0,88,212,4
199,189,0,33,253,1
199,189,0,33,89,2
199,189,0,33,107,2
199,189,0,33,109,2
199,189,0,33,214,1
199,189,0,33,4,2
199,189,0,33,27,2
199,189,0,33,46,2
199,189,0,33,62,2
199,189,0,33,80,2
199,189,0,33,82,2
199,189,0,33,93,2
199,189,0,33,131,2
199,189,0,33,134,2
199,189,0,33,139,2
199,189,0,33,140,2
199,189,0,33,142,2
199,189,0,33,171,1
199,189,0,33,173,1
199,189,0,33,179,1
199,189,0,33,180,1
199,189,0,33,192,1
199,189,0,33,196,1
199,189,0,33,219,1
199,189,0,33,220,1
223,49,0,90,319,4
223,49,0,90,222,0
223,49,0,90,223,0
223,49,0,90,93,0
223,49,0,90,161,0
223,49,0,90,131,0
223,49,0,90,168,0
223,49,0,90,219,0
223,49,0,90,33,0
223,49,0,90,82,0
223,49,0,90,140,0
223,49,0,90,163,0
223,49,0,90,179,0
223,49,0,90,196,0
223,49,0,90,221,0
223,49,0,90,27,0
223,49,0,90,122,0
223,49,0,90,126,0
223,49,0,90,160,0
223,49,0,90,177,0
223,49,0,90,237,0
223,49,0,90,62,0
223,49,0,90,178,0
223,49,0,90,213,0
216,212,0,57,296,1
216,212,0,57,33,2
216,212,0,57,94,2
216,212,0,57,171,1
216,212,0,57,230,1
216,212,0,57,19,2
226,222,0,83,258,1
226,222,0,83,62,2
226,222,0,83,80,2
226,222,0,83,93,2
226,222,0,83,131,2
226,222,0,83,192,1
226,222,0,83,220,1
43,36,0,81,258,4
43,36,0,81,53,5
43,36,0,81,68,5
43,36,0,81,69,5
43,36,0,81,71,5
43,36,0,81,148,5
43,36,0,81,212,4
7,6,0,41,311,4
7,6,0,41,192,4
7,6,0,41,220,4
10,9,0,101,263,4
10,9,0,101,59,5
10,9,0,101,93,5
10,9,0,101,131,5
10,9,0,101,140,5
10,9,0,101,153,4
10,9,0,101,196,4
10,9,0,101,219,4
10,9,0,101,220,4
42,104,0,25,287,4
42,104,0,25,171,4
101,23,0,63,286,4
101,23,0,63,131,5
101,23,0,63,140,5
101,23,0,63,196,4
101,23,0,63,219,4
101,23,0,63,220,4
101,23,0,63,223,4
101,23,0,63,33,5
101,23,0,63,163,4
101,23,0,63,169,4
101,23,0,63,46,5
101,23,0,63,138,5
101,23,0,63,141,5
101,23,0,63,53,5
101,23,0,63,183,4
101,23,0,63,184,4
101,23,0,63,192,4
73,71,0,81,273,4
73,71,0,81,122,5
73,71,0,81,173,4
73,71,0,81,192,4
75,74,0,60,259,4
75,74,0,60,93,5
75,74,0,60,119,5
75,74,0,60,120,5
75,74,0,60,131,5
75,74,0,60,166,4
169,154,0,81,310,1
169,154,0,81,220,1
169,154,0,81,93,2
169,154,0,81,169,1
169,154,0,81,223,1
169,154,0,81,140,2
169,154,0,81,192,1
169,154,0,81,196,1
169,154,0,81,219,1
169,154,0,81,101,2
169,154,0,81,104,2
169,154,0,81,122,2
200,190,0,92,278,1
200,190,0,92,79,2
200,190,0,92,195,1
200,190,0,92,215,1
200,190,0,92,21,2
200,190,0,92,171,1
158,280,0,10,258,1
158,280,0,10,32,2
158,280,0,10,93,2
158,280,0,10,220,1
158,280,0,10,174,1
107,101,0,49,259,4
107,101,0,49,46,5
107,101,0,49,93,5
107,101,0,49,131,5
107,101,0,49,140,5
107,101,0,49,196,4
107,101,0,49,219,4
107,101,0,49,220,4
107,101,0,49,64,5
107,101,0,49,163,4
85,89,0,95,286,4
85,89,0,95,131,5
85,89,0,95,33,5
85,89,0,95,120,5
85,89,0,95,166,4
85,89,0,95,192,4
255,252,0,45,259,1
255,252,0,45,93,2
255,252,0,45,193,1
106,87,0,68,307,4
106,87,0,68,144,5
106,87,0,68,10,5
106,87,0,68,84,5
106,87,0,68,36,5
106,87,0,68,6,5
106,87,0,68,132,5
248,240,0,49,258,1
248,240,0,49,62,2
248,240,0,49,68,2
248,240,0,49,74,2
248,240,0,49,82,2
248,240,0,49,93,2
248,240,0,49,97,2
248,240,0,49,131,2
248,240,0,49,134,2
248,240,0,49,144,2
248,240,0,49,145,2
248,240,0,49,171,1
248,240,0,49,173,1
248,240,0,49,178,1
248,240,0,49,191,1
248,240,0,49,192,1
248,240,0,49,197,1
248,240,0,49,220,1
74,72,0,96,258,4
74,72,0,96,46,5
74,72,0,96,62,5
74,72,0,96,192,4
74,72,0,96,220,4
74,72,0,96,243,4
143,145,0,95,280,4
143,145,0,95,111,5
143,145,0,95,68,5
143,145,0,95,129,5
19,18,0,55,293,4
19,18,0,55,145,5
19,18,0,55,93,5
19,18,0,55,131,5
19,18,0,55,173,4
19,18,0,55,192,4
198,188,0,15,259,1
198,188,0,15,51,2
198,188,0,15,93,2
198,188,0,15,117,2
198,188,0,15,119,2
198,188,0,15,120,2
198,188,0,15,124,2
198,188,0,15,131,2
198,188,0,15,166,1
209,100,0,77,259,1
209,100,0,77,64,0
209,100,0,77,131,0
209,100,0,77,74,0
209,100,0,77,1,2
209,100,0,77,2,2
209,100,0,77,27,0
209,100,0,77,68,0
209,100,0,77,75,0
209,100,0,77,123,0
209,100,0,77,197,0
196,186,0,50,268,1
196,186,0,50,156,1
196,186,0,50,63,2
196,186,0,50,201,1
196,186,0,50,157,1
196,186,0,50,49,2
196,186,0,50,51,2
196,186,0,50,53,2
196,186,0,50,117,2
196,186,0,50,155,1
196,186,0,50,229,1
196,186,0,50,238,1
196,186,0,50,241,1
142,12,0,77,286,4
142,12,0,77,33,5
142,12,0,77,131,5
142,12,0,77,163,4
142,12,0,77,27,5
142,12,0,77,62,5
142,12,0,77,192,4
142,12,0,77,220,4
201,191,0,92,282,1
201,191,0,92,93,2
201,191,0,92,131,2
201,191,0,92,27,2
201,191,0,92,62,2
201,191,0,92,192,1
201,191,0,92,220,1
250,242,0,30,258,1
250,242,0,30,62,2
250,242,0,30,192,1
250,242,0,30,220,1
250,242,0,30,33,2
250,242,0,30,93,2
250,242,0,30,109,2
250,242,0,30,119,2
250,242,0,30,131,2
250,242,0,30,171,1
250,242,0,30,173,1
167,152,0,58,263,1
167,152,0,58,33,2
167,152,0,58,64,2
167,152,0,58,131,2
271,258,0,84,269,1
271,258,0,84,134,2
271,258,0,84,171,1
271,258,0,84,186,1
271,258,0,84,215,1
271,258,0,84,9,2
271,258,0,84,39,2
271,258,0,84,70,2
271,258,0,84,135,2
271,258,0,84,27,2
271,258,0,84,51,2
271,258,0,84,52,2
271,258,0,84,57,2
271,258,0,84,68,2
271,258,0,84,74,2
271,258,0,84,81,2
271,258,0,84,109,2
271,258,0,84,136,2
271,258,0,84,152,2
271,258,0,84,156,1
271,258,0,84,174,1
271,258,0,84,189,1
271,258,0,84,15,2
271,258,0,84,16,2
271,258,0,84,69,2
271,258,0,84,213,1
271,258,0,84,214,1
221,216,0,100,284,1
221,216,0,100,93,2
221,216,0,100,131,2
221,216,0,100,140,2
221,216,0,100,178,1
221,216,0,100,196,1
221,216,0,100,219,1
221,216,0,100,220,1
221,216,0,100,223,1
221,216,0,100,232,1
168,153,0,58,318,1
168,153,0,58,209,1
147,279,0,10,263,1
147,279,0,10,243,1
147,279,0,10,47,2
147,279,0,10,144,2
147,279,0,10,145,2
147,279,0,10,229,1
147,279,0,10,1,2
147,279,0,10,6,2
49,50,0,69,265,4
49,50,0,69,52,5
49,50,0,69,155,4
49,50,0,69,46,5
49,50,0,69,150,4
49,50,0,69,151,4
49,50,0,69,156,4
49,50,0,69,201,4
206,202,0,37,308,1
206,202,0,37,219,1
70,68,0,84,259,4
70,68,0,84,93,5
70,68,0,84,120,5
70,68,0,84,131,5
70,68,0,84,6,5
70,68,0,84,22,5
70,68,0,84,99,5
70,68,0,84,109,5
70,68,0,84,130,5
70,68,0,84,134,5
70,68,0,84,166,4
70,68,0,84,171,4
70,68,0,84,229,4
22,20,0,88,319,4
22,20,0,88,223,4
22,20,0,88,24,5
22,20,0,88,105,5
22,20,0,88,109,5
22,20,0,88,140,5
22,20,0,88,143,5
22,20,0,88,162,4
22,20,0,88,171,4
22,20,0,88,189,4
22,20,0,88,192,4
22,20,0,88,222,4
194,181,0,75,263,1
194,181,0,75,90,2
194,181,0,75,131,2
259,255,0,91,259,1
259,255,0,91,64,2
259,255,0,91,131,2
259,255,0,91,62,2
54,51,0,56,312,4
54,51,0,56,21,5
54,51,0,56,94,5
54,51,0,56,9,5
54,51,0,56,22,5
54,51,0,56,134,5
54,51,0,56,192,4
256,84,0,89,259,0
256,84,0,89,64,0
256,84,0,89,131,0
256,84,0,89,93,0
256,84,0,89,119,0
256,84,0,89,120,0
256,84,0,89,166,0
287,267,0,31,258,1
287,267,0,31,62,2
287,267,0,31,192,1
287,267,0,31,220,1
28,28,0,3,258,4
28,28,0,3,62,5
28,28,0,3,192,4
28,28,0,3,220,4
28,28,0,3,17,5
28,28,0,3,109,5
28,28,0,3,171,4
3,115,0,26,266,4
3,115,0,26,51,5
3,115,0,26,6,5
3,115,0,26,82,5
3,115,0,26,110,5
3,115,0,26,114,5
3,115,0,26,145,5
3,115,0,26,229,4
252,244,0,12,295,3
228,236,0,78,258,1
228,236,0,78,68,2
228,236,0,78,69,2
228,236,0,78,148,2
228,236,0,78,212,1
183,195,0,30,286,1
183,195,0,30,131,2
183,195,0,30,140,2
183,195,0,30,80,2
183,195,0,30,138,2
183,195,0,30,139,2
183,195,0,30,192,1
183,195,0,30,196,1
183,195,0,30,219,1
183,195,0,30,220,1
32,272,0,10,286,1
32,272,0,10,101,2
32,272,0,10,131,2
205,201,0,43,286,1
205,201,0,43,131,2
205,201,0,43,169,1
205,201,0,43,223,1
81,180,0,95,263,4
81,180,0,95,51,5
81,180,0,95,113,5
81,180,0,95,192,4
81,180,0,95,239,4
81,180,0,95,82,5
21,19,0,95,286,4
21,19,0,95,131,5
21,19,0,95,140,5
21,19,0,95,196,4
21,19,0,95,219,4
21,19,0,95,220,4
21,19,0,95,33,5
21,19,0,95,163,4
21,19,0,95,3,5
21,19,0,95,122,5
21,19,0,95,192,4
92,120,0,57,301,4
92,120,0,57,159,4
92,120,0,57,229,4
92,120,0,57,6,5
92,120,0,57,227,4
186,173,0,71,307,1
186,173,0,71,144,2
103,94,0,93,286,4
103,94,0,93,122,5
103,94,0,93,173,4
103,94,0,93,192,4
263,109,0,107,263,0
263,109,0,107,140,0
263,109,0,107,4,0
263,109,0,107,28,0
263,109,0,107,85,0
263,109,0,107,204,0
208,206,0,90,300,1
208,206,0,90,93,2
208,206,0,90,33,2
208,206,0,90,120,2
208,206,0,90,163,1
208,206,0,90,101,2
208,206,0,90,127,2
208,206,0,90,140,2
208,206,0,90,166,1
208,206,0,90,188,1
208,206,0,90,196,1
208,206,0,90,219,1
208,206,0,90,220,1
68,67,0,65,288,4
68,67,0,65,134,5
68,67,0,65,171,4
267,241,0,92,277,1
100,37,0,64,263,4
164,233,0,50,257,1
164,233,0,50,33,2
164,233,0,50,45,2
164,233,0,50,51,2
164,233,0,50,64,2
164,233,0,50,93,2
164,233,0,50,101,2
164,233,0,50,112,2
164,233,0,50,113,2
164,233,0,50,117,2
164,233,0,50,124,2
164,233,0,50,131,2
164,233,0,50,140,2
164,233,0,50,144,2
164,233,0,50,145,2
164,233,0,50,196,1
164,233,0,50,219,1
164,233,0,50,220,1
164,233,0,50,238,1
283,99,0,89,263,0
283,99,0,89,33,0
283,99,0,89,90,0
283,99,0,89,93,0
283,99,0,89,120,0
283,99,0,89,131,0
283,99,0,89,166,0
283,99,0,89,218,0
270,257,0,92,280,3
270,257,0,92,111,2
270,257,0,92,25,2
270,257,0,92,93,2
270,257,0,92,94,2
270,257,0,92,101,2
270,257,0,92,122,2
270,257,0,92,171,1
270,257,0,92,175,1
270,257,0,92,192,1
270,257,0,92,223,1
177,164,0,88,259,1
177,164,0,88,93,2
177,164,0,88,119,2
177,164,0,88,120,2
177,164,0,88,131,2
177,164,0,88,166,1
177,164,0,88,27,2
177,164,0,88,62,2
177,164,0,88,182,1
177,164,0,88,192,1
177,164,0,88,220,1
262,93,0,92,274,0
262,93,0,92,192,0
262,93,0,92,220,0
262,93,0,92,61,0
262,93,0,92,93,0
140,143,0,92,300,4
140,143,0,92,62,5
140,143,0,92,94,5
140,143,0,92,220,4
65,63,0,58,300,4
65,63,0,58,93,5
65,63,0,58,58,5
65,63,0,58,120,5
185,172,0,29,262,1
185,172,0,29,46,2
185,172,0,29,131,2
185,172,0,29,58,2
185,172,0,29,120,2
72,70,0,17,280,4
72,70,0,17,197,4
27,27,0,27,259,4
27,27,0,27,64,5
27,27,0,27,131,5
27,27,0,27,51,5
27,27,0,27,117,5
27,27,0,27,124,5
38,208,0,104,255,4
38,208,0,104,70,5
38,208,0,104,117,5
38,208,0,104,33,5
38,208,0,104,64,5
38,208,0,104,131,5
38,208,0,104,46,5
38,208,0,104,140,5
38,208,0,104,204,4
71,205,0,30,278,4
71,205,0,30,52,5
71,205,0,30,201,4
71,205,0,30,203,4
0,1,0,37,259,4
0,1,0,37,64,5
0,1,0,37,131,5
104,80,0,83,258,4
104,80,0,83,62,5
104,80,0,83,192,4
104,80,0,83,220,4
264,65,0,4,287,0
264,65,0,4,171,0
264,65,0,4,169,0
264,65,0,4,196,0
264,65,0,4,220,0
264,65,0,4,223,0
180,166,0,82,315,1
180,166,0,82,171,1
180,166,0,82,109,2
180,166,0,82,68,2
180,166,0,82,27,2
180,166,0,82,94,2
180,166,0,82,96,2
180,166,0,82,213,1
180,166,0,82,60,2
190,176,0,54,259,1
190,176,0,54,64,2
190,176,0,54,131,2
190,176,0,54,46,2
190,176,0,54,100,2
190,176,0,54,101,2
190,176,0,54,140,2
190,176,0,54,204,1
11,47,0,107,307,4
11,47,0,107,112,5
29,29,0,92,266,4
29,29,0,92,51,5
29,29,0,92,57,5
29,29,0,92,145,5
29,29,0,92,109,5
29,29,0,92,134,5
29,29,0,92,144,5
29,29,0,92,171,4
29,29,0,92,229,4
29,29,0,92,6,5
29,29,0,92,47,5
29,29,0,92,68,5
29,29,0,92,69,5
29,29,0,92,132,5
266,102,0,54,274,0
266,102,0,54,192,0
266,102,0,54,220,0
13,150,0,102,286,4
13,150,0,102,131,5
13,150,0,102,173,4
13,150,0,102,192,4
13,150,0,102,27,5
13,150,0,102,62,5
13,150,0,102,220,4
13,150,0,102,145,5
115,116,0,90,262,4
115,116,0,90,46,5
115,116,0,90,131,5
115,116,0,90,33,5
115,116,0,90,64,5
115,116,0,90,93,5
149,148,0,14,286,1
149,148,0,14,131,2
149,148,0,14,140,2
149,148,0,14,196,1
149,148,0,14,219,1
149,148,0,14,220,1
132,135,0,94,276,4
132,135,0,94,159,4
132,135,0,94,201,4
132,135,0,94,52,5
132,135,0,94,157,4
132,135,0,94,225,4
132,135,0,94,56,5
132,135,0,94,150,5
132,135,0,94,151,5
132,135,0,94,203,4
132,135,0,94,208,4
132,135,0,94,226,4
182,168,0,88,304,1
182,168,0,88,131,2
182,168,0,88,46,2
182,168,0,88,4,2
182,168,0,88,24,2
182,168,0,88,185,1
18,262,0,89,269,1
18,262,0,89,183,1
18,262,0,89,6,5
18,262,0,89,229,1
96,251,0,8,320,1
96,251,0,8,93,2
96,251,0,8,131,2
96,251,0,8,140,2
96,251,0,8,196,1
96,251,0,8,219,1
96,251,0,8,220,1
96,251,0,8,82,2
96,251,0,8,169,1
96,251,0,8,175,1
96,251,0,8,178,1
281,0,0,19,244,0
281,0,0,19,13,0
281,0,0,19,101,0
281,0,0,19,131,0
281,0,0,19,194,0
280,282,0,10,305,3
280,282,0,10,223,1
280,282,0,10,220,1
280,282,0,10,27,2
280,282,0,10,62,2
280,282,0,10,74,2
280,282,0,10,82,2
280,282,0,10,93,2
280,282,0,10,179,1
280,282,0,10,192,1
280,282,0,10,197,1
214,98,0,72,269,1
214,98,0,72,128,0
214,98,0,72,150,0
214,98,0,72,183,0
88,92,0,89,277,4
88,92,0,89,148,5
88,92,0,89,27,5
88,92,0,89,69,5
88,92,0,89,212,4
88,92,0,89,1,5
88,92,0,89,13,5
88,92,0,89,36,5
88,92,0,89,74,5
88,92,0,89,109,5
88,92,0,89,145,5
88,92,0,89,171,4
88,92,0,89,217,4
45,43,0,14,300,4
45,43,0,14,182,4
66,2,0,92,291,4
66,2,0,92,145,5
66,2,0,92,18,5
66,2,0,92,33,5
282,263,0,86,259,1
282,263,0,86,46,2
282,263,0,86,93,2
282,263,0,86,119,2
282,263,0,86,120,2
282,263,0,86,131,2
282,263,0,86,166,1
282,263,0,86,64,2
282,263,0,86,193,1
127,129,0,61,269,4
127,129,0,61,186,4
127,129,0,61,215,4
127,129,0,61,68,5
127,129,0,61,71,5
189,175,0,12,290,1
189,175,0,12,131,2
189,175,0,12,1,2
189,175,0,12,30,2
189,175,0,12,59,2
189,175,0,12,108,2
189,175,0,12,127,2
189,175,0,12,196,1
189,175,0,12,220,1
286,266,0,108,287,3
286,266,0,108,171,1
286,266,0,108,74,2
286,266,0,108,109,2
286,266,0,108,197,1
286,266,0,108,192,1
286,266,0,108,220,1
286,266,0,108,27,2
286,266,0,108,62,2
286,266,0,108,82,2
286,266,0,108,117,2
286,266,0,108,162,1
286,266,0,108,236,1
146,42,0,105,294,4
146,42,0,105,134,5
146,42,0,105,152,0
146,42,0,105,234,4
227,223,0,38,278,1
227,223,0,38,79,2
227,223,0,38,195,1
227,223,0,38,215,1
227,223,0,38,53,2
227,223,0,38,186,1
176,163,0,2,263,1
176,163,0,2,140,2
176,163,0,2,204,1
176,163,0,2,131,2
176,163,0,2,182,1
31,125,0,24,317,4
31,125,0,24,67,5
31,125,0,24,159,4
31,125,0,24,225,4
31,125,0,24,52,5
31,125,0,24,56,5
31,125,0,24,157,4
31,125,0,24,229,4
31,125,0,24,49,5
31,125,0,24,63,5
31,125,0,24,206,4
31,125,0,24,208,4
31,125,0,24,87,5
31,125,0,24,125,5
31,125,0,24,150,5
31,125,0,24,151,5
31,125,0,24,155,4
31,125,0,24,205,4
31,125,0,24,46,5
225,60,0,61,280,0
225,60,0,61,197,0
225,60,0,61,50,0
225,60,0,61,51,0
99,254,0,8,300,1
99,254,0,8,93,2
99,254,0,8,120,2
99,254,0,8,140,2
99,254,0,8,24,2
99,254,0,8,130,2
99,254,0,8,220,1
99,254,0,8,38,2
99,254,0,8,46,2
99,254,0,8,192,1
99,254,0,8,196,1
99,254,0,8,0,2
99,254,0,8,4,2
99,254,0,8,21,2
99,254,0,8,33,2
99,254,0,8,119,2
99,254,0,8,122,2
99,254,0,8,169,1
99,254,0,8,171,1
99,254,0,8,184,1
99,254,0,8,219,1
99,254,0,8,223,1
217,4,0,71,269,0
217,4,0,71,186,0
217,4,0,71,215,0
137,139,0,86,263,4
137,139,0,86,131,5
137,139,0,86,38,5
137,139,0,86,44,5
137,139,0,86,58,5
137,139,0,86,120,5
137,139,0,86,220,4
122,123,0,58,287,4
122,123,0,58,171,4
122,123,0,58,93,5
122,123,0,58,131,5
122,123,0,58,101,5
122,123,0,58,140,5
122,123,0,58,190,4
122,123,0,58,196,4
122,123,0,58,219,4
122,123,0,58,220,4
26,26,0,62,307,4
26,26,0,62,93,5
26,26,0,62,131,5
26,26,0,62,173,4
26,26,0,62,192,4
26,26,0,62,132,5
117,112,0,107,258,4
117,112,0,107,62,5
117,112,0,107,192,4
117,112,0,107,220,4
238,226,0,12,263,1
238,226,0,12,33,2
238,226,0,12,39,2
238,226,0,12,70,2
238,226,0,12,90,2
238,226,0,12,93,2
238,226,0,12,119,2
238,226,0,12,131,2
238,226,0,12,169,1
238,226,0,12,223,1
238,226,0,12,38,2
261,86,0,5,325,1
261,86,0,5,241,0
102,69,0,40,259,4
102,69,0,40,64,5
102,69,0,40,131,5
102,69,0,40,145,5
61,59,0,6,244,4
61,59,0,6,27,5
61,59,0,6,31,5
61,59,0,6,39,5
61,59,0,6,51,5
61,59,0,6,70,5
61,59,0,6,74,5
61,59,0,6,77,5
61,59,0,6,79,5
61,59,0,6,88,5
61,59,0,6,93,5
61,59,0,6,117,5
61,59,0,6,122,5
61,59,0,6,123,5
61,59,0,6,124,5
61,59,0,6,192,4
61,59,0,6,196,4
61,59,0,6,219,4
61,59,0,6,220,4
61,59,0,6,4,5
61,59,0,6,12,5
61,59,0,6,21,5
61,59,0,6,24,5
61,59,0,6,46,5
61,59,0,6,49,5
61,59,0,6,53,5
61,59,0,6,54,5
61,59,0,6,134,5
61,59,0,6,135,5
61,59,0,6,140,5
61,59,0,6,147,5
61,59,0,6,171,4
61,59,0,6,229,4
105,196,0,61,280,1
105,196,0,61,197,1
247,235,0,76,303,3
247,235,0,76,204,1
247,235,0,76,206,1
247,235,0,76,207,1
247,235,0,76,240,1
247,235,0,76,241,1
247,235,0,76,242,1
247,235,0,76,55,2
247,235,0,76,85,2
247,235,0,76,140,2
1,124,0,87,259,4
1,124,0,87,64,5
1,124,0,87,131,5
118,114,0,31,297,4
118,114,0,31,121,5
118,114,0,31,55,5
118,114,0,31,52,5
118,114,0,31,53,5
118,114,0,31,155,4
118,114,0,31,186,4
118,114,0,31,49,5
118,114,0,31,51,5
118,114,0,31,117,5
118,114,0,31,124,5
118,114,0,31,158,4
118,114,0,31,164,4
118,114,0,31,206,4
118,114,0,31,215,4
218,213,0,89,290,1
218,213,0,89,194,1
218,213,0,89,6,2
218,213,0,89,18,2
218,213,0,89,23,2
218,213,0,89,33,2
218,213,0,89,117,2
218,213,0,89,118,2
218,213,0,89,138,2
218,213,0,89,140,2
218,213,0,89,171,1
218,213,0,89,190,1
218,213,0,89,201,1
218,213,0,89,229,1
277,184,0,105,254,1
277,184,0,105,33,2
277,184,0,105,89,2
277,184,0,105,171,1
151,118,0,18,286,4
151,118,0,18,122,5
151,118,0,18,131,5
151,118,0,18,192,4
151,118,0,18,82,5
151,118,0,18,181,4
58,57,0,27,286,4
58,57,0,27,27,5
58,57,0,27,192,4
58,57,0,27,196,4
58,57,0,27,220,4
58,57,0,27,30,5
58,57,0,27,31,5
58,57,0,27,32,5
58,57,0,27,34,5
58,57,0,27,46,5
58,57,0,27,70,5
58,57,0,27,117,5
58,57,0,27,122,5
58,57,0,27,140,5
58,57,0,27,153,4
58,57,0,27,184,4
58,57,0,27,234,4
79,78,0,81,287,4
79,78,0,81,171,4
79,78,0,81,223,4
222,217,0,100,318,3
222,217,0,100,209,1
222,217,0,100,93,2
222,217,0,100,131,2
222,217,0,100,173,1
222,217,0,100,192,1
278,261,0,54,300,3
278,261,0,54,33,2
278,261,0,54,46,2
278,261,0,54,64,2
278,261,0,54,93,2
278,261,0,54,169,1
278,261,0,54,223,1
173,159,0,79,244,1
173,159,0,79,27,2
173,159,0,79,68,2
173,159,0,79,103,2
173,159,0,79,101,2
207,203,0,37,277,1
207,203,0,37,148,2
91,97,0,63,263,4
91,97,0,63,51,5
91,97,0,63,113,5
91,97,0,63,140,5
91,97,0,63,192,4
91,97,0,63,204,4
91,97,0,63,239,4
91,97,0,63,240,4
91,97,0,63,241,4
91,97,0,63,26,5
91,97,0,63,53,5
53,276,0,10,258,1
53,276,0,10,68,2
53,276,0,10,69,2
53,276,0,10,131,2
53,276,0,10,148,1
53,276,0,10,184,1
53,276,0,10,212,1
53,276,0,10,220,1
53,276,0,10,93,2
260,88,0,86,290,0
260,88,0,86,23,0
260,88,0,86,63,0
260,88,0,86,100,0
260,88,0,86,201,0
260,88,0,86,229,0
260,88,0,86,127,0
97,162,0,8,300,4
97,162,0,8,68,5
97,162,0,8,93,5
97,162,0,8,192,4
97,162,0,8,9,5
97,162,0,8,11,5
97,162,0,8,22,5
97,162,0,8,27,5
97,162,0,8,33,5
97,162,0,8,62,5
97,162,0,8,134,5
97,162,0,8,139,5
97,162,0,8,163,4
97,162,0,8,169,4
97,162,0,8,171,4
97,162,0,8,173,4
97,162,0,8,214,4
97,162,0,8,215,4
97,162,0,8,220,4
109,277,0,10,259,1
109,277,0,10,64,2
109,277,0,10,131,2
59,55,0,6,290,4
59,55,0,6,194,4
113,110,0,57,258,4
113,110,0,57,62,5
113,110,0,57,131,5
113,110,0,57,192,4
113,110,0,57,220,4
171,158,0,13,269,1
171,158,0,13,55,2
171,158,0,13,164,1
171,158,0,13,47,2
171,158,0,13,54,2
171,158,0,13,144,2
171,158,0,13,145,1
171,158,0,13,183,1
171,158,0,13,229,1
166,105,0,57,324,4
166,105,0,57,53,5
166,105,0,57,49,5
166,105,0,57,51,5
166,105,0,57,52,5
166,105,0,57,117,0
166,105,0,57,124,0
166,105,0,57,125,0
166,105,0,57,155,0
166,105,0,57,206,4
166,105,0,57,47,5
166,105,0,57,229,4
166,105,0,57,6,5
166,105,0,57,145,0
36,117,0,40,269,4
36,117,0,40,186,4
36,117,0,40,215,4
36,117,0,40,145,5
36,117,0,40,144,5
36,117,0,40,162,4
36,117,0,40,192,4
36,117,0,40,220,4
36,117,0,40,12,5
36,117,0,40,48,5
36,117,0,40,81,5
36,117,0,40,84,5
36,117,0,40,134,5
36,117,0,40,5,5
36,117,0,40,6,5
36,117,0,40,164,4
36,117,0,40,171,4
36,117,0,40,229,4
36,117,0,40,50,5
36,117,0,40,51,5
36,117,0,40,205,4
36,117,0,40,206,4
211,209,0,58,313,1
211,209,0,58,220,1
211,209,0,58,93,2
211,209,0,58,131,2
211,209,0,58,140,2
211,209,0,58,196,1
211,209,0,58,219,1
257,249,0,40,293,3
257,249,0,40,145,2
192,177,0,18,268,1
192,177,0,18,121,2
192,177,0,18,210,1
192,177,0,18,49,2
192,177,0,18,155,1
48,48,0,11,259,4
48,48,0,11,93,5
48,48,0,11,119,5
48,48,0,11,81,5
48,48,0,11,134,5
114,137,0,86,317,4
114,137,0,86,159,4
114,137,0,86,225,4
114,137,0,86,56,5
114,137,0,86,52,5
114,137,0,86,67,5
114,137,0,86,157,4
114,137,0,86,229,4
114,137,0,86,63,5
114,137,0,86,150,5
114,137,0,86,151,5
114,137,0,86,203,4
114,137,0,86,208,4
114,137,0,86,49,5
114,137,0,86,59,5
114,137,0,86,87,5
114,137,0,86,88,5
114,137,0,86,155,4
114,137,0,86,161,4
114,137,0,86,196,4
114,137,0,86,205,4
114,137,0,86,206,4
114,137,0,86,220,4
114,137,0,86,226,4
179,165,0,44,244,1
179,165,0,44,13,2
179,165,0,44,46,2
179,165,0,44,70,2
179,165,0,44,76,2
179,165,0,44,79,2
179,165,0,44,206,1
179,165,0,44,33,2
179,165,0,44,93,2
179,165,0,44,117,2
179,165,0,44,145,2
179,165,0,44,171,1
179,165,0,44,0,2
179,165,0,44,5,2
179,165,0,44,27,2
179,165,0,44,28,2
179,165,0,44,37,2
179,165,0,44,53,2
179,165,0,44,68,2
179,165,0,44,91,2
179,165,0,44,97,2
179,165,0,44,120,2
179,165,0,44,131,2
179,165,0,44,139,2
179,165,0,44,163,1
179,165,0,44,192,1
179,165,0,44,195,1
179,165,0,44,196,1
179,165,0,44,201,1
179,165,0,44,208,1
179,165,0,44,209,1
179,165,0,44,212,1
179,165,0,44,215,1
179,165,0,44,62,2
6,194,0,18,285,4
6,194,0,18,106,5
6,194,0,18,140,5
6,194,0,18,240,4
6,194,0,18,241,4
6,194,0,18,242,4
6,194,0,18,53,5
6,194,0,18,54,5
6,194,0,18,185,4
40,34,0,16,275,4
40,34,0,16,157,4
236,225,0,74,283,1
236,225,0,74,134,2
236,225,0,74,145,2
152,144,0,54,277,1
152,144,0,54,171,1
152,144,0,54,162,1
152,144,0,54,220,1
56,53,0,62,309,4
56,53,0,62,201,4
56,53,0,62,202,4
56,53,0,62,226,4
202,197,0,51,286,1
202,197,0,51,131,2
202,197,0,51,196,1
30,271,0,10,290,1
30,271,0,10,127,2
63,199,0,39,312,4
63,199,0,39,94,5
63,199,0,39,21,5
63,199,0,39,117,5
63,199,0,39,234,4
141,146,0,42,286,4
141,146,0,42,131,5
141,146,0,42,33,5
141,146,0,42,120,5
141,146,0,42,166,1
141,146,0,42,46,5
141,146,0,42,90,5
141,146,0,42,119,5
141,146,0,42,44,5
141,146,0,42,61,5
141,146,0,42,80,5
141,146,0,42,192,1
258,35,0,98,259,0
258,35,0,98,64,0
258,35,0,98,131,0
130,133,0,81,259,4
130,133,0,81,64,5
130,133,0,81,131,5
57,220,0,88,259,4
57,220,0,88,46,5
57,220,0,88,93,5
57,220,0,88,119,5
57,220,0,88,243,4
188,174,0,69,284,1
188,174,0,69,93,2
188,174,0,69,131,2
188,174,0,69,140,2
188,174,0,69,179,1
188,174,0,69,220,1
188,174,0,69,196,1
188,174,0,69,219,1
188,174,0,69,24,2
188,174,0,69,46,2
188,174,0,69,96,2
188,174,0,69,109,2
188,174,0,69,138,2
188,174,0,69,141,2
188,174,0,69,162,1
188,174,0,69,171,1
188,174,0,69,181,1
188,174,0,69,192,1
188,174,0,69,204,1
16,3,0,72,286,4
16,3,0,72,192,4
16,3,0,72,6,5
16,3,0,72,50,5
16,3,0,72,51,5
16,3,0,72,61,5
16,3,0,72,134,5
16,3,0,72,171,4
16,3,0,72,229,4
16,3,0,72,21,5
16,3,0,72,57,5
16,3,0,72,70,5
16,3,0,72,74,5
16,3,0,72,110,5
16,3,0,72,113,5
16,3,0,72,131,5
16,3,0,72,145,5
16,3,0,72,173,4
16,3,0,72,197,4
16,3,0,72,206,4
16,3,0,72,209,4
16,3,0,72,215,4
131,134,0,52,258,4
131,134,0,52,62,5
131,134,0,52,192,4
131,134,0,52,220,4
131,134,0,52,93,5
131,134,0,52,131,5
131,134,0,52,173,4
119,119,0,97,259,4
119,119,0,97,64,5
119,119,0,97,131,5
119,119,0,97,46,5
119,119,0,97,243,4
178,218,0,70,286,1
178,218,0,70,131,2
178,218,0,70,161,1
178,218,0,70,162,1
178,218,0,70,173,1
178,218,0,70,184,1
178,218,0,70,192,1
178,218,0,70,220,1
178,218,0,70,66,2
178,218,0,70,101,2
178,218,0,70,140,2
178,218,0,70,168,1
178,218,0,70,27,2
178,218,0,70,62,2
178,218,0,70,169,1
178,218,0,70,223,1
178,218,0,70,232,1
193,179,0,78,302,1
193,179,0,78,53,2
193,179,0,78,135,2
193,179,0,78,152,1
193,179,0,78,9,2
193,179,0,78,33,2
193,179,0,78,48,2
193,179,0,78,57,2
193,179,0,78,64,2
193,179,0,78,80,2
193,179,0,78,81,2
193,179,0,78,93,2
193,179,0,78,117,2
193,179,0,78,120,2
193,179,0,78,131,2
193,179,0,78,191,1
193,179,0,78,229,1
193,179,0,78,234,1
253,245,0,22,307,3
253,245,0,22,93,2
253,245,0,22,131,2
253,245,0,22,132,2
253,245,0,22,173,1
253,245,0,22,192,1
253,245,0,22,139,2
98,253,0,8,286,1
98,253,0,8,131,2
98,253,0,8,169,1
98,253,0,8,223,1
98,253,0,8,33,2
98,253,0,8,193,1
98,253,0,8,101,2
98,253,0,8,194,1
98,253,0,8,220,1
98,253,0,8,20,2
98,253,0,8,23,2
98,253,0,8,27,2
98,253,0,8,62,2
98,253,0,8,70,2
98,253,0,8,134,2
98,253,0,8,140,2
98,253,0,8,192,1
98,253,0,8,196,1
98,253,0,8,219,1
76,75,0,89,286,4
76,75,0,89,27,5
76,75,0,89,30,5
76,75,0,89,140,5
76,75,0,89,192,4
76,75,0,89,196,4
76,75,0,89,220,4
76,75,0,89,1,5
76,75,0,89,29,5
76,75,0,89,32,5
76,75,0,89,35,5
76,75,0,89,85,5
76,75,0,89,92,5
76,75,0,89,122,5
76,75,0,89,137,5
76,75,0,89,212,4
15,14,0,20,263,4
15,14,0,20,93,5
15,14,0,20,139,5
15,14,0,20,192,4
144,147,0,89,312,4
144,147,0,89,96,5
144,147,0,89,192,1
144,147,0,89,93,5
144,147,0,89,94,5
144,147,0,89,139,5
144,147,0,89,184,1
144,147,0,89,220,1
191,178,0,18,269,1
191,178,0,18,54,2
191,178,0,18,206,1
191,178,0,18,209,1
181,167,0,23,277,1
181,167,0,23,148,1
241,73,0,95,287,0
241,73,0,95,171,0
241,73,0,95,93,0
241,73,0,95,131,0
241,73,0,95,173,0
241,73,0,95,192,0
241,73,0,95,46,0
241,73,0,95,140,0
241,73,0,95,185,0
139,142,0,28,257,4
139,142,0,28,88,5
139,142,0,28,100,5
139,142,0,28,101,5
139,142,0,28,196,4
139,142,0,28,20,5
139,142,0,28,52,5
139,142,0,28,59,5
139,142,0,28,70,5
139,142,0,28,157,4
139,142,0,28,159,4
139,142,0,28,201,4
139,142,0,28,203,4
139,142,0,28,208,4
139,142,0,28,220,4
139,142,0,28,225,4
14,270,0,10,277,1
14,270,0,10,187,1
249,39,0,32,256,0
249,39,0,32,22,0
249,39,0,32,131,0
249,39,0,32,171,0
279,281,0,10,263,3
279,281,0,10,60,2
279,281,0,10,95,2
279,281,0,10,96,2
279,281,0,10,109,2
279,281,0,10,140,2
279,281,0,10,204,1
50,273,0,10,269,1
50,273,0,10,215,1
50,273,0,10,186,1
50,273,0,10,70,2
50,273,0,10,79,2
50,273,0,10,195,1
50,273,0,10,117,2
50,273,0,10,134,2
50,273,0,10,152,1
50,273,0,10,234,1
51,275,0,10,263,1
51,275,0,10,140,1
51,275,0,10,162,1
34,31,0,12,286,4
34,31,0,12,131,5
34,31,0,12,140,5
34,31,0,12,196,4
34,31,0,12,219,4
34,31,0,12,220,4
110,278,0,10,286,1
110,278,0,10,131,2
110,278,0,10,192,1
110,278,0,10,68,2
110,278,0,10,74,2
110,278,0,10,169,1
110,278,0,10,173,1
110,278,0,10,211,1
110,278,0,10,223,1
123,126,0,11,263,4
123,126,0,11,171,4
123,126,0,11,192,4
123,126,0,11,53,5
123,126,0,11,58,5
123,126,0,11,93,5
123,126,0,11,109,5
123,126,0,11,120,5
123,126,0,11,129,5
123,126,0,11,131,5
123,126,0,11,139,5
123,126,0,11,164,4
165,151,0,22,312,1
165,151,0,22,109,2
165,151,0,22,94,2
165,151,0,22,229,1
165,151,0,22,6,2
165,151,0,22,99,2
165,151,0,22,134,2
165,151,0,22,33,2
165,151,0,22,93,2
165,151,0,22,131,2
165,151,0,22,163,1
242,229,0,44,251,1
242,229,0,44,145,2
242,229,0,44,132,2
86,90,0,95,264,4
86,90,0,95,53,5
86,90,0,95,74,5
86,90,0,95,229,4
240,192,0,86,266,1
240,192,0,86,51,2
240,192,0,86,1,2
240,192,0,86,6,2
240,192,0,86,68,2
240,192,0,86,69,2
240,192,0,86,101,2
240,192,0,86,110,2
240,192,0,86,120,2
240,192,0,86,127,2
240,192,0,86,130,2
240,192,0,86,131,2
240,192,0,86,145,2
240,192,0,86,206,1
240,192,0,86,229,1
52,274,0,10,269,1
52,274,0,10,186,1
52,274,0,10,215,1
52,274,0,10,115,2
52,274,0,10,241,1
8,8,0,41,252,4
8,8,0,41,85,5
8,8,0,41,140,5
8,8,0,41,145,5
8,8,0,41,199,4
8,8,0,41,241,4
35,32,0,84,322,4
35,32,0,84,47,5
35,32,0,84,49,5
35,32,0,84,6,5
35,32,0,84,52,5
35,32,0,84,109,5
35,32,0,84,147,5
35,32,0,84,155,4
35,32,0,84,171,4
239,228,0,17,246,1
239,228,0,17,53,2
239,228,0,17,54,2
239,228,0,17,131,2
239,228,0,17,184,1
239,228,0,17,198,1
239,228,0,17,206,1
239,228,0,17,220,1
239,228,0,17,93,2
239,228,0,17,140,2
239,228,0,17,196,1
231,359,0,66,365,3
231,306,0,66,330,3
231,306,0,66,343,3
231,355,0,66,365,3
231,354,0,66,365,3
231,332,0,66,330,3
231,332,0,66,357,3
231,368,0,66,330,3
231,368,0,66,339,3
231,286,0,66,384,3
231,303,0,66,330,3
231,348,0,66,330,3
231,337,0,66,383,3
231,337,0,66,365,3
231,338,0,66,336,3
231,336,0,66,330,3
231,326,0,66,330,3
231,295,0,66,330,3
231,295,0,66,377,3
231,308,0,66,345,3
231,308,0,66,365,3
231,296,0,66,331,3
231,296,0,66,334,3
231,335,0,66,365,3
234,365,0,66,372,3
234,287,0,66,384,3
234,366,0,66,373,3
232,324,0,66,334,3
232,328,0,66,334,3
235,301,0,66,368,3
235,301,0,66,382,3
235,360,0,66,368,3
235,360,0,66,382,3
233,330,0,66,340,3
233,329,0,66,340,3
233,374,0,66,380,3
233,374,0,66,338,3
233,351,0,66,340,3
233,302,0,66,338,3
233,302,0,66,343,3
235,381,0,66,326,3
235,316,0,66,350,3
235,369,0,66,326,3
235,353,0,66,301,3
235,289,0,66,250,1
235,289,0,66,299,3
235,343,0,66,298,3
235,343,0,66,321,3
235,346,0,66,362,3
235,291,0,66,328,3
235,291,0,66,363,3
235,294,0,66,328,3
235,320,0,66,356,3
235,320,0,66,328,3
235,297,0,66,349,3
235,297,0,66,328,3
235,347,0,66,362,3
235,377,0,66,323,3
235,292,0,66,328,3
235,292,0,66,363,3
235,283,0,66,328,3
235,283,0,66,363,3
235,371,0,66,379,3
235,334,0,66,298,3
235,334,0,66,381,3
235,339,0,66,370,3
235,290,0,66,328,3
235,380,0,66,386,3
235,288,0,66,328,3
235,288,0,66,341,3
235,370,0,66,366,3
235,370,0,66,364,3
235,310,0,66,328,3
235,310,0,66,363,3
235,352,0,66,381,3
235,352,0,66,360,3
235,364,0,66,387,3
235,350,0,66,328,3
235,350,0,66,363,3
235,378,0,66,328,3
235,378,0,66,363,3
235,378,0,66,385,3
235,373,0,66,378,3
235,300,0,66,335,3
235,313,0,66,348,3
235,313,0,66,360,3
235,321,0,66,328,3
235,321,0,66,363,3
235,362,0,66,369,3
235,362,0,66,362,3
235,323,0,66,359,3
235,363,0,66,369,3
235,363,0,66,361,3
235,309,0,66,329,3
235,309,0,66,376,3
235,375,0,66,381,3
235,333,0,66,358,3
235,333,0,66,337,3
235,361,0,66,328,3
235,361,0,66,363,3
235,340,0,66,375,3
235,318,0,66,352,3
235,349,0,66,363,3
235,307,0,66,344,3
235,307,0,66,367,3
235,376,0,66,381,3
235,376,0,66,360,3
235,314,0,66,348,3
235,314,0,66,328,3
235,372,0,66,379,3
235,367,0,66,374,3
235,325,0,66,327,3
235,311,0,66,347,3
235,284,0,66,363,3
235,284,0,66,328,3
235,299,0,66,327,3
235,285,0,66,371,3
235,379,0,66,354,3
235,379,0,66,355,3
235,315,0,66,348,3
235,315,0,66,360,3
235,344,0,66,361,3
235,298,0,66,333,3
235,327,0,66,332,3
235,345,0,66,362,3
235,312,0,66,348,3
235,312,0,66,328,3
235,322,0,66,360,3
235,322,0,66,381,3
235,331,0,66,346,3
235,358,0,66,328,3
235,358,0,66,363,3
235,341,0,66,360,3
235,341,0,66,381,3
235,357,0,66,328,3
235,357,0,66,363,3
37,304,0,66,340,3
37,293,0,66,328,3
37,356,0,66,365,3
37,317,0,66,351,3
37,319,0,66,353,3
37,305,0,66,342,3
37,305,0,66,327,3
37,342,0,66,360,3
